"","School","Chair","Function_degree","FTE","KPI_assessment_1","Number.of.questionnaires_1","Average_grade_1","NPS_1","Number_of_courses_1","Additional_achievement_1","KPI_assessment_2","Number.of.questionnaires_2","Average_grade_2","NPS_2","Number_of_courses_2","Research_activity_2","Additional_activity_2","Negatives_2","X50_1","X20_1","X10_1","X50_2","X20_2","X10_2","bonus_2","reduce_wage_2","fire_2","X502010_1","X502010_2"
"1","Finance_accounting","Finance_credit","Head",1,4,69.3514376996805,1.75556998280511,52.5256006389776,2,1,4,52.8634812286689,1.88126279863481,64.1256655290102,2,1,0,0,0,0,0,1,0,0,0,0,0,0,1
"2","Finance_accounting","Finance_credit","Docent",0.75,2,19,1.72445,84.21,2,0,3,8,2,83.6,1,1,0,0,0,0,0,0,0,0,0,0,0,0,0
"3","Finance_accounting","Finance_credit","Docent",1,2,32,1.7890625,56.25,1,0,3,21,1.857,52.77,2,1,0,0,0,0,1,0,0,0,0,0,0,1,0
"4","Finance_accounting","Finance_credit","Senior lecturer",1,3,93,1.733870968,28.74,2,1,3,25,1.467,45.83,1,1,0,0,0,0,1,0,0,0,0,0,1,1,0
"5","Finance_accounting","Finance_credit","Senior lecturer",1,2,88,1.602272727,43.18,2,0,2,115,1.84,83.73,2,0,0,0,0,0,0,0,0,0,0,0,0,0,0
"6","Finance_accounting","Finance_credit","Docent",1,3,37,1.824324324,43.24,2,0,2,25,1.88,77.48,2,1,0,0,0,0,0,0,0,0,0,0,1,0,0
"7","Finance_accounting","Finance_credit","Senior lecturer",1,2,51,1.5882,33.33,2,1,2,7,1.523,73.13,1,0,0,0,0,1,0,0,0,0,0,0,0,1,0
"8","Finance_accounting","Finance_credit","Docent",1,3,40,1.782136207,31.43,3,1,3,23,2,54.23,2,1,0,0,0,1,0,0,0,0,0,0,0,1,0
"9","Finance_accounting","Finance_credit","Docent",1,3,48,1.703787879,31.25,2,1,4,13,1.897,61.54,1,1,0,0,0,0,1,1,0,0,0,0,0,1,1
"10","Finance_accounting","Finance_credit","Docent",1,2,43,1.83345625,26.32,3,0,2,42,2,90.48,1,0,0,0,0,0,0,0,0,0,0,0,0,0,0
"11","Finance_accounting","Finance_credit","Senior lecturer",1,2,14,1.839285714,42.86,1,0,2,62,1.93,69.8,2,0,0,0,0,0,0,0,0,0,0,0,1,0,0
"12","Finance_accounting","Finance_credit","Senior lecturer",1,2,12,1.833333333,83.33,1,1,3,48,1.889,62.63,1,1,1,0,0,1,0,0,0,0,1,0,0,1,0
"13","Finance_accounting","Finance_credit","Professor",1,3,18,1.583333333,33.33,1,1,4,52.8634812286689,1.88126279863481,64.1256655290102,2,1,0,0,0,1,0,1,0,0,0,0,0,1,1
"14","Finance_accounting","Finance_credit","Docent",1,2,30,1.591666667,23.33,1,1,3,17,1.921,75.03,2,1,0,0,0,1,0,0,0,0,1,0,0,1,0
"15","Finance_accounting","Finance_credit","Docent",1,3,52,1.697115385,40.38,1,1,3,39,1.932,86.56,2,1,0,0,0,1,0,0,0,0,1,0,0,1,0
"16","Finance_accounting","Finance_credit","Lecturer",1,2,95,1.915789474,80,2,0,3,82,1.984,83.6,1,1,0,0,0,0,1,0,0,0,0,0,0,1,0
"17","Finance_accounting","Finance_credit","Docent",1,3,69.3514376996805,1.75556998280511,52.5256006389776,2,1,3,110,1.939,75.03,2,0,1,0,0,1,0,0,0,0,0,0,0,1,0
"18","Finance_accounting","Finance_credit","Senior lecturer",0.25,2.6,69.3514376996805,1.75556998280511,52.5256006389776,2,0,3,48,2,83.6,1,1,0,0,0,0,0,0,0,0,0,0,0,0,0
"19","Finance_accounting","Finance_credit","Docent",1,4,62,1.754032258,62.9,1,1,4,97,1.91,61.41,2,0,0,0,1,0,0,0,0,0,0,0,0,1,0
"20","Finance_accounting","Finance_credit","Docent",1,3,11,1.95,81.82,1,1,3,46,1.884,83.6,1,1,0,0,0,1,0,0,0,0,0,0,0,1,0
"21","Finance_accounting","Finance_credit","Docent",1,2,23,1.613116667,60.87,2,0,2,52.8634812286689,1.88126279863481,64.1256655290102,2,0,0,0,0,0,0,0,0,0,0,0,0,0,0
"22","Finance_accounting","Finance_credit","Senior lecturer",1,3,94,1.736702128,19.77,2,1,3,57,1.947,59.48,2,1,0,0,0,1,0,0,0,0,0,0,0,1,0
"23","Finance_accounting","Finance_credit","Docent",1,2,51,1.869752174,86.27,2,1,2,5,1.933,83.6,1,1,0,0,0,0,1,0,0,0,0,0,0,1,0
"24","Finance_accounting","Finance_credit","Senior lecturer",1,3,32,1.7578125,46.88,1,1,3,54,1.981,61.41,2,1,0,0,0,1,0,0,0,0,1,0,0,1,0
"25","Finance_accounting","Finance_credit","Docent",1,2,69.3514376996805,1.75556998280511,52.5256006389776,2,0,3,41,1.943,88.99,2,1,0,0,0,0,0,0,0,0,0,0,0,0,0
"26","Finance_accounting","Finance_credit","Professor",1,2,6,1.9167,100,1,0,3,8,1.958,75,1,0,0,0,0,0,1,0,0,0,0,0,1,1,0
"27","Finance_accounting","Finance_credit","Senior lecturer",1,2,56,1.8125,60.78,3,0,3,73,1.986,75.03,2,1,0,0,0,1,0,0,0,0,0,0,0,1,0
"28","Finance_accounting","Finance_credit","Docent",1,2,17,1.926470588,82.35,1,1,2,30,1.855,62.63,1,1,0,0,0,0,0,0,0,0,0,0,0,0,0
"29","Finance_accounting","Finance_credit","Senior lecturer",1,2,37,1.824324324,72.97,2,0,2,72,1.982,61.39,3,1,0,0,0,1,0,0,0,0,0,0,0,1,0
"30","Finance_accounting","Finance_credit","Docent",1,3,17,1.764705882,100,2,1,3,43,1.992,77.99,1,1,0,0,0,1,0,0,0,0,1,0,0,1,0
"31","Finance_accounting","Finance_credit","Senior lecturer",1,2,36,1.701388889,-35.48,2,0,3,60,1.989,82.1,2,1,0,0,0,0,0,0,0,0,0,0,0,0,0
"32","Finance_accounting","Finance_credit","Docent",1,3,35,1.878571429,62.863,1,1,4,12,1.972,86.21,1,1,1,0,1,0,0,0,0,0,0,0,0,1,0
"33","Finance_accounting","Finance_credit","Docent",1,2,33,1.689393939,6.06,1,0,3,34,1.912,37.76,3,1,0,0,0,0,0,0,0,0,0,0,1,0,0
"34","Finance_accounting","Finance_credit","Senior lecturer",1,3,79,1.452531646,22.97,2,0,3,53,1.704,67.06,2,0,0,0,0,0,0,0,0,0,1,0,0,0,0
"35","Finance_accounting","Finance_credit","Professor",1,2,30,1.708333333,16.67,1,0,2,52.8634812286689,1.88126279863481,64.1256655290102,2,1,0,0,0,0,0,0,0,0,0,0,0,0,0
"36","Finance_accounting","Finance_credit","Senior lecturer",1,2,88,1.707386364,48.19,2,0,2,41,1.796,76.98,1,0,0,0,0,0,0,0,0,0,0,0,0,0,0
"37","Finance_accounting","Finance_credit","Docent",1,4,39,1.634615385,46.15,1,1,4,13,2,86.21,1,1,0,0,1,0,0,0,0,0,0,0,0,1,0
"38","Finance_accounting","Finance_credit","Professor",0.25,2.6,26,1.788461538,53.85,1,0,2.9,52.8634812286689,1.88126279863481,64.1256655290102,2,0,0,0,0,0,0,0,0,0,0,0,0,0,0
"39","Finance_accounting","Finance_credit","Professor",0.25,2.6,69.3514376996805,1.75556998280511,52.5256006389776,2,0,2.9,52.8634812286689,1.88126279863481,64.1256655290102,2,0,0,0,0,0,0,0,0,0,0,0,0,0,0
"40","Finance_accounting","Finance_credit","Professor",0.5,2.6,69.3514376996805,1.75556998280511,52.5256006389776,2,0,2.9,52.8634812286689,1.88126279863481,64.1256655290102,2,0,0,0,0,0,0,0,0,0,0,0,0,0,0
"41","Finance_accounting","Accounting_audit_valuation","Head",1,3,69.3514376996805,1.75556998280511,52.5256006389776,2,0,4,52.8634812286689,1.88126279863481,64.1256655290102,2,1,0,0,0,0,0,1,0,0,0,0,0,0,1
"42","Finance_accounting","Accounting_audit_valuation","Senior lecturer",1,3,38,1.789473684,100,1,1,3,51,1.987,70.8,1,1,1,0,0,1,0,0,0,0,1,0,0,1,0
"43","Finance_accounting","Accounting_audit_valuation","Professor",1,2,5,1.6,60,3,0,3,11,2,100,2,0,0,0,0,0,0,0,0,0,0,0,0,0,0
"44","Finance_accounting","Accounting_audit_valuation","Docent",1,2,49,1.849927027,44.9,2,1,3,16,1.937,82.59,2,1,0,0,0,1,0,0,0,0,1,0,0,1,0
"45","Finance_accounting","Accounting_audit_valuation","Docent",1,3,39,1.834210526,56.41,2,0,3,5,2,9.09,1,1,0,0,0,0,1,0,0,0,0,0,0,1,0
"46","Finance_accounting","Accounting_audit_valuation","Docent",1,3,37,1.689189189,48.65,1,0,3,3,2,70.8,1,1,0,0,0,0,0,0,0,0,0,0,0,0,0
"47","Finance_accounting","Accounting_audit_valuation","Senior lecturer",1,3,42,1.678571429,59.52,3,0,3,52.8634812286689,1.88126279863481,64.1256655290102,2,1,0,0,0,1,0,0,0,0,0,0,0,1,0
"48","Finance_accounting","Accounting_audit_valuation","Lecturer",0.75,2,67,1.906716418,50.75,4,0,2,50,1.853,77.5,3,1,0,0,0,0,1,0,0,0,0,0,1,1,0
"49","Finance_accounting","Accounting_audit_valuation","Senior lecturer",0.75,2,46,1.885869565,89.13,3,0,2,11,2,100,3,1,0,0,0,0,0,0,0,0,0,0,0,0,0
"50","Finance_accounting","Accounting_audit_valuation","Docent",1,2,44,1.596590909,34.09,1,0,3,29,1.597,39.02,1,0,0,0,0,0,0,0,0,0,0,0,0,0,0
"51","Finance_accounting","Accounting_audit_valuation","Senior lecturer",0.5,2.6,69.3514376996805,1.75556998280511,52.5256006389776,2,0,2,11,2,73.91,1,0,0,1,0,0,0,0,0,0,0,0,0,0,0
"52","Finance_accounting","Accounting_audit_valuation","Docent",0.5,2,59,1.660227273,76.27,4,0,3,52.8634812286689,1.88126279863481,64.1256655290102,2,0,0,0,0,0,0,0,0,0,0,0,0,0,0
"53","Finance_accounting","Accounting_audit_valuation","Senior lecturer",1,2.6,69.3514376996805,1.75556998280511,52.5256006389776,2,0,3,27,1.937,82.22,1,0,0,0,0,0,0,0,0,0,0,0,0,0,0
"54","Finance_accounting","Accounting_audit_valuation","Senior lecturer",0.75,2,18,1.805555556,72.22,3,0,2,6,2,100,2,0,0,0,0,0,0,0,0,0,0,0,1,0,0
"55","Finance_accounting","Accounting_audit_valuation","Docent",1,3,52,1.752838889,50,3,0,3,17,2,100,2,1,0,1,0,1,0,0,0,0,0,0,0,1,0
"56","Finance_accounting","Accounting_audit_valuation","Senior lecturer",1,3,52,1.740384615,59.62,3,1,3,3,2,93.1,1,1,1,0,0,1,0,0,0,0,0,0,0,1,0
"57","Finance_accounting","Accounting_audit_valuation","Senior lecturer",1,2,69.3514376996805,1.75556998280511,52.5256006389776,2,0,3,42,1.674,71.05,2,1,0,0,0,0,0,0,0,0,0,0,0,0,0
"58","Finance_accounting","Accounting_audit_valuation","Docent",1,3,6,1.3333,-16.67,1,0,3,55,1.884,76.41,4,1,0,0,0,0,0,0,0,0,0,0,0,0,0
"59","Finance_accounting","Accounting_audit_valuation","Docent",1.25,3,21,1.687516667,33.33,2,0,4,3,2,93.1,1,0,0,0,0,1,0,1,0,0,0,0,0,1,1
"60","Finance_accounting","Accounting_audit_valuation","Docent",1,2,1,1.5,100,1,0,3,5,2,70.8,1,1,0,0,0,0,0,0,0,0,0,0,0,0,0
"61","Finance_accounting","Accounting_audit_valuation","Senior lecturer",1,3,48,1.848958333,56.25,2,0,3,52.8634812286689,1.88126279863481,64.1256655290102,2,1,0,0,0,1,0,0,0,0,0,0,0,1,0
"62","Finance_accounting","Accounting_audit_valuation","Docent",1,3,32,1.848975,59.38,2,0,3,25,1.96,81.11,2,1,0,0,0,1,0,0,0,0,0,0,0,1,0
"63","Finance_accounting","Accounting_audit_valuation","Senior lecturer",1.25,3,108,1.81712963,80.56,2,0,3,118,1.887,39.02,1,1,0,0,0,1,0,0,0,0,1,0,0,1,0
"64","Finance_accounting","Accounting_audit_valuation","Senior lecturer",1,3,75,1.73,36,2,0,3,7,2,70.4,2,1,0,0,0,1,0,0,0,0,0,0,0,1,0
"65","Finance_accounting","Accounting_audit_valuation","Senior lecturer",1,2,41,1.707317073,12.2,3,1,2,74,1.878,79.91,4,1,1,0,0,0,0,0,0,0,0,0,1,0,0
"66","Finance_accounting","Accounting_audit_valuation","Docent",1,2,78,1.802154839,32.05,3,0,2,57,1.935,51.09,2,1,0,0,0,0,0,0,0,0,0,0,1,0,0
"67","Finance_accounting","Accounting_audit_valuation","Senior lecturer",1,3,7,1.785714286,85.71,1,0,3,33,1.98,73.78,2,1,0,0,0,1,0,0,0,0,0,0,0,1,0
"68","Finance_accounting","Accounting_audit_valuation","Senior lecturer",1,2,43,1.744186047,37.21,2,0,2,61,1.89,67.85,3,1,0,0,0,0,0,0,0,0,0,0,0,0,0
"69","Finance_accounting","Accounting_audit_valuation","Senior lecturer",1,3,68,1.9375,80.88,2,1,3,16,1.916,87.76,1,0,0,0,0,1,0,0,0,0,0,0,0,1,0
"70","Finance_accounting","Accounting_audit_valuation","Senior lecturer",1,3,37,1.662162162,35.14,1,1,3,52,1.871,51.09,2,0,0,0,0,0,0,0,1,0,0,0,0,0,1
"71","Finance_accounting","Accounting_audit_valuation","Senior lecturer",0.75,2.6,69.3514376996805,1.75556998280511,52.5256006389776,2,0,3,5,2,70.8,1,0,0,0,0,0,0,0,0,0,0,0,0,0,0
"72","Finance_accounting","Accounting_audit_valuation","Docent",1.25,4,22,2,86.36,1,1,4,20,1.917,65,1,1,0,0,1,0,0,0,0,0,0,0,0,1,0
"73","Finance_accounting","Accounting_audit_valuation","Professor",1,3,19,1.855263158,73.68,2,0,3,3,2,100,1,1,0,0,0,0,1,0,0,0,0,0,1,1,0
"74","Finance_accounting","Accounting_audit_valuation","Senior lecturer",1,3,32,1.15625,-37.5,1,1,3,66,1.747,56.45,2,1,0,0,0,0,0,0,0,0,0,0,0,0,0
"75","Finance_accounting","Accounting_audit_valuation","Senior lecturer",0.25,2.6,69.3514376996805,1.75556998280511,52.5256006389776,2,0,2,12,1.861,33.33,1,0,0,0,0,0,0,0,0,0,0,0,0,0,0
"76","Finance_accounting","Accounting_audit_valuation","Docent",1,2,17,1.764705882,94.12,2,0,2,23,1.971,90.47,2,1,0,0,0,0,0,0,0,0,0,0,0,0,0
"77","Finance_accounting","Accounting_audit_valuation","Professor",1.5,3,57,1.854545455,15.79,3,0,4,8,2,66.66,3,1,0,0,0,0,0,1,0,0,0,0,0,0,1
"78","Finance_accounting","Accounting_audit_valuation","Professor",1,2,12,1.6875,16.67,1,0,3,9,2,100,1,1,0,1,0,0,0,0,0,0,0,0,1,0,0
"79","Finance_accounting","Accounting_audit_valuation","Senior lecturer",1.5,3,61,1.889344262,93.44,4,0,3,68,1.98,90.62,4,1,0,1,0,0,1,0,0,0,0,0,0,1,0
"80","Finance_accounting","Accounting_audit_valuation","Lecturer",1,2,62,1.399193548,-23.61,2,0,2,26,2,79.28,2,1,0,0,0,0,0,0,0,0,0,0,1,0,0
"81","Finance_accounting","Accounting_audit_valuation","Senior lecturer",1,3,111,1.774774775,41.44,4,0,2,22,2,87.76,1,1,0,0,0,0,0,0,0,0,0,0,0,0,0
"82","Finance_accounting","Accounting_audit_valuation","Senior lecturer",1,2,62,1.625,-9.68,2,0,2,33,1.818,34.89,2,1,0,0,0,0,0,0,0,0,0,0,0,0,0
"83","Finance_accounting","Accounting_audit_valuation","Docent",0.5,2.6,69.3514376996805,1.75556998280511,52.5256006389776,2,0,2.9,52.8634812286689,1.88126279863481,64.1256655290102,2,0,0,0,0,0,0,0,0,0,0,0,0,0,0
"84","Finance_accounting","Accounting_audit_valuation","Docent",0.5,2.6,69.3514376996805,1.75556998280511,52.5256006389776,2,0,2.9,52.8634812286689,1.88126279863481,64.1256655290102,2,0,0,0,0,0,0,0,0,0,0,0,0,0,0
"85","Finance_accounting","Accounting_audit_valuation","Professor",0.25,2.6,26,1.788461538,53.85,1,0,2.9,52.8634812286689,1.88126279863481,64.1256655290102,2,0,0,0,0,0,0,0,0,0,0,0,0,0,0
"86","Finance_accounting","Accounting_audit_valuation","Docent",0.25,2.6,69.3514376996805,1.75556998280511,52.5256006389776,2,0,2.9,52.8634812286689,1.88126279863481,64.1256655290102,2,0,0,0,0,0,0,0,0,0,0,0,0,0,0
"87","Finance_accounting","Accounting_audit_valuation","Senior lecturer",0.25,2.6,69.3514376996805,1.75556998280511,52.5256006389776,2,0,2.9,52.8634812286689,1.88126279863481,64.1256655290102,2,0,0,0,0,0,0,0,0,0,0,0,0,0,0
"88","Finance_accounting","Accounting_audit_valuation","Docent",0.25,2.6,69.3514376996805,1.75556998280511,52.5256006389776,2,0,2.9,52.8634812286689,1.88126279863481,64.1256655290102,2,0,0,0,0,0,0,0,0,0,0,0,0,0,0
"89","Finance_accounting","Accounting_audit_valuation","Lecturer",0.25,2.6,69.3514376996805,1.75556998280511,52.5256006389776,2,0,2.9,52.8634812286689,1.88126279863481,64.1256655290102,2,0,0,0,0,0,0,0,0,0,0,0,0,0,0
"90","Economics_management","Economics","Head",1,3,69.3514376996805,1.75556998280511,52.5256006389776,2,1,4,52.8634812286689,1.88126279863481,64.1256655290102,2,1,0,0,0,0,0,0,0,0,0,0,0,0,0
"91","Economics_management","Economics","Professor",1,2,32,1.6640625,12.5,3,1,2,23,1.826,55.85,3,1,0,0,0,0,0,0,0,0,0,0,1,0,0
"92","Economics_management","Economics","Docent",1,2,25,1.75,68,2,1,2,33,1.98,73.33,2,1,0,0,0,0,1,0,0,0,0,1,0,1,0
"93","Economics_management","Economics","Senior lecturer",0.5,2.6,69.3514376996805,1.75556998280511,52.5256006389776,2,0,2,412,1.609,23.88,3,1,0,0,0,0,0,0,0,0,0,0,0,0,0
"94","Economics_management","Economics","Lecturer",1,3,182,1.585164835,10.99,2,0,3,89,1.906,73.02,2,1,0,0,0,0,0,0,0,0,0,0,0,0,0
"95","Economics_management","Economics","Docent",1,3,138,1.454710145,-2.9,5,1,3,11,1.909,77.42,1,1,0,0,0,0,0,0,0,0,0,0,0,0,0
"96","Economics_management","Economics","Professor",1.25,3,63,1.861585714,74.6,2,1,3,4,2,100,1,1,0,0,0,1,0,0,0,0,0,0,0,1,0
"97","Economics_management","Economics","Docent",1,4,40,1.813971429,82.5,3,1,3,2,2,65.57,1,1,0,0,1,0,0,0,0,0,0,0,0,1,0
"98","Economics_management","Economics","Senior lecturer",1,3,60,1.75,35.59,3,1,3,52.8634812286689,1.88126279863481,64.1256655290102,2,0,1,0,0,1,0,0,0,0,0,0,0,1,0
"99","Economics_management","Economics","Docent",1,3,27,1.953703704,82.76,2,1,3,28,1.988,73.56,1,1,0,0,0,1,0,0,0,0,0,0,0,1,0
"100","Economics_management","Economics","Senior lecturer",0.5,3,17,1.617647059,11.76,3,1,2,52.8634812286689,1.88126279863481,64.1256655290102,2,0,1,0,0,0,0,0,0,0,0,0,0,0,0
"101","Economics_management","Economics","Docent",1,4,27,1.8704,59.26,2,1,4,44,1.947,79.98,2,1,1,0,1,0,0,0,0,0,0,0,0,1,0
"102","Economics_management","Economics","Docent",0.5,4,47,1.869064286,74.47,2,1,4,52.8634812286689,1.88126279863481,64.1256655290102,2,1,0,0,1,0,0,0,0,0,0,0,0,1,0
"103","Economics_management","Economics","Senior lecturer",1,3,198,1.592171717,36.87,6,0,3,31,1.978,86.78,2,1,0,0,0,0,0,0,1,0,0,0,0,0,1
"104","Economics_management","Economics","Docent",1,3,142,1.473591549,0.7,4,1,3,11,1.484,25,1,1,0,0,0,0,0,0,0,0,0,0,0,0,0
"105","Economics_management","Economics","Docent",1.25,3,37,1.706865789,70.27,4,0,3,5,1.933,87.5,1,1,0,0,0,0,0,0,1,0,0,0,0,0,1
"106","Economics_management","Economics","Senior lecturer",1,3,12,1.916666667,58.33,2,1,3,10,2,85.19,3,1,0,0,0,1,0,0,0,0,0,0,0,1,0
"107","Economics_management","Economics","Docent",1,3,127,1.722440945,49.61,5,1,3,15,2,81.11,2,1,1,0,0,0,0,1,0,0,0,0,0,0,1
"108","Economics_management","Economics","Docent",0.5,3,15,1.333333333,-40,1,0,3,52.8634812286689,1.88126279863481,64.1256655290102,2,1,1,0,0,0,0,0,0,0,0,0,0,0,0
"109","Economics_management","Economics","Senior lecturer",1,3,82,1.768292683,24.39,4,1,3,52.8634812286689,1.88126279863481,64.1256655290102,2,1,0,0,0,0,0,0,0,0,0,0,0,0,0
"110","Economics_management","Economics","Professor",1,3,73,1.5711,64.38,4,1,4,108,1.963,75.18,3,1,0,0,0,0,0,0,1,0,0,0,0,0,1
"111","Economics_management","Economics","Docent",1,3,4,2,100,1,1,2,5,2,33.33,1,1,0,0,0,0,0,0,0,0,0,0,0,0,0
"112","Economics_management","Economics","Senior lecturer",1.25,3,93,1.844086022,55.91,3,0,3,116,1.778,56.24,3,1,0,1,0,1,0,0,0,0,0,1,0,1,0
"113","Economics_management","Economics","Senior lecturer",1,3,33,1.901515152,42.42,3,0,3,49,1.823,40,1,1,0,0,0,0,1,0,1,0,0,0,0,1,1
"114","Economics_management","Economics","Senior lecturer",1,3,73,1.924657534,72.6,2,1,3,26,1.859,53.45,2,1,0,0,0,1,0,0,0,0,0,0,0,1,0
"115","Economics_management","Economics","Professor",0.25,2.6,69.3514376996805,1.75556998280511,52.5256006389776,2,0,2.9,52.8634812286689,1.88126279863481,64.1256655290102,2,0,0,0,0,0,0,0,0,0,0,0,0,0,0
"116","Economics_management","Economics","Senior lecturer",0.25,2.6,69.3514376996805,1.75556998280511,52.5256006389776,2,0,2.9,52.8634812286689,1.88126279863481,64.1256655290102,2,0,0,0,0,0,0,0,0,0,0,0,0,0,0
"117","Economics_management","Economics","Docent",0.5,2.6,69.3514376996805,1.75556998280511,52.5256006389776,2,0,2.9,29,1.701,73.26,4,0,0,1,0,0,0,0,0,0,0,0,0,0,0
"118","Economics_management","Economics","Professor",0.25,2.6,69.3514376996805,1.75556998280511,52.5256006389776,2,0,2.9,52.8634812286689,1.88126279863481,64.1256655290102,2,0,0,0,0,0,0,0,0,0,0,0,0,0,0
"119","Economics_management","Economics","Docent",0.5,3,43,1.825581395,76.74,2,0,2.9,26,1.859,32.85,1,0,0,0,0,0,0,0,0,0,0,0,0,0,0
"120","Economics_management","Economics","Professor ",1.25,3,391,1.455376471,10.49,5,0,3,52.8634812286689,1.88126279863481,64.1256655290102,2,1,0,0,0,0,0,0,0,0,0,0,0,0,0
"121","Economics_management","Economics","Docent",1,3,485,1.658762887,36.29,3,0,2.9,142,1.601,27.49,2,0,0,0,0,0,0,0,0,0,0,0,0,0,0
"122","Economics_management","Economics","Lecturer",1.25,3,235,1.676595745,45.53,2,0,2,104,1.913,32.85,1,1,0,0,0,0,0,0,0,0,0,0,0,0,0
"123","Economics_management","Economics","Senior lecturer",1.5,3,259,1.748069498,58.3,2,1,2,91,1.839,27.49,2,1,0,0,0,0,1,0,0,0,0,0,0,1,0
"124","Economics_management","Economics","Senior lecturer",1.5,3,291,1.408934708,-7.56,4,0,2,168,1.833,29.11,3,0,0,0,0,0,0,0,0,0,0,0,0,0,0
"125","Economics_management","Economics","Senior lecturer",1.25,3,189,1.742063492,66.14,3,1,2.9,52.8634812286689,1.88126279863481,64.1256655290102,2,1,0,0,0,0,1,0,0,0,0,0,0,1,0
"126","Economics_management","Economics","Professor",1,3,169,1.159763314,-37.87,1,1,2,107,1.355,27.49,2,1,0,0,0,0,0,0,0,0,0,0,0,0,0
"127","Economics_management","Economics","Docent",1,3,200,1.584615385,11.79,2,1,2,58,1.781,24.76,2,0,0,0,0,0,0,0,0,0,0,0,0,0,0
"128","Economics_management","Economics","Lecturer",1.25,3,172,1.69622093,44.77,3,0,2,103,1.802,32.85,1,1,0,0,0,0,0,0,0,0,0,0,0,0,0
"129","Economics_management","Management","Head",1,3,69.3514376996805,1.75556998280511,52.5256006389776,2,0,3,52.8634812286689,1.88126279863481,64.1256655290102,2,1,0,0,0,0,0,1,0,0,0,0,0,0,1
"130","Economics_management","Management","Docent",1.25,3,91,1.799450549,52.75,3,1,3,69,1.917,57.29,2,1,1,0,0,0,0,0,1,0,0,0,0,0,1
"131","Economics_management","Management","Senior lecturer",1.25,2,129,1.560077519,12.5,2,1,2,57,1.935,70.95,2,1,1,0,0,0,0,0,0,0,0,0,0,0,0
"132","Economics_management","Management","Docent",1,2,117,1.416666667,6.03,3,0,3,28,2,72.33,2,1,0,1,0,0,0,0,0,0,1,0,0,0,0
"133","Economics_management","Management","Docent",1,2,71,1.632991803,33.8,1,0,2,52.8634812286689,1.88126279863481,64.1256655290102,2,1,0,0,0,0,0,0,0,0,0,0,0,0,0
"134","Economics_management","Management","Docent",1,2,70,1.6,30,3,1,2,10,1.8,52.94,1,1,0,0,0,0,0,0,0,0,0,0,0,0,0
"135","Economics_management","Management","Senior lecturer",1.25,3,124,1.818548387,37.1,2,1,3,7,2,73.91,1,1,1,0,0,1,0,0,0,0,0,0,0,1,0
"136","Economics_management","Management","Docent",1,3,21,1.982142857,61.9,3,1,3,65,1.83,32.41,6,1,1,0,0,1,0,0,0,1,0,0,0,1,1
"137","Economics_management","Management","Docent",1.5,2,172,1.538461538,21.51,3,1,3,52,1.929,86.18,3,1,1,0,0,0,0,0,0,0,0,0,0,0,0
"138","Economics_management","Management","Senior lecturer",1.25,2,15,1.75,93.33,1,0,3,73,1.991,84.73,2,1,0,0,0,0,1,0,0,0,0,0,0,1,0
"139","Economics_management","Management","Professor",1,3,16,2,56.25,1,1,3,42,1.897,71.21,1,1,1,0,0,0,0,0,0,1,0,0,0,0,1
"140","Economics_management","Management","Docent",1,2,135,1.607407407,12.59,3,1,3,52.8634812286689,1.88126279863481,64.1256655290102,2,1,0,0,0,0,0,0,0,0,0,0,0,0,0
"141","Economics_management","Management","Professor",1,2,40,1.939655172,67.5,2,1,2,19,1.947,69.46,1,1,0,0,0,0,0,0,0,0,0,0,0,0,0
"142","Economics_management","Management","Docent",1.25,3,39,1.858974359,12.82,2,1,2,28,1.928,67.14,2,1,1,0,0,1,0,0,0,0,0,0,0,1,0
"143","Economics_management","Management","Docent",1,4,40,1.909482759,82.5,2,0,4,7,2,52.94,1,1,1,0,1,0,0,0,0,0,0,0,0,1,0
"144","Economics_management","Management","Professor",1,3,69.3514376996805,1.75556998280511,52.5256006389776,2,1,4,52.8634812286689,1.88126279863481,64.1256655290102,2,1,1,0,1,0,0,0,0,0,0,0,0,1,0
"145","Economics_management","Management","Docent",1.25,4,11,2,100,1,1,4,9,1.888,68,1,1,1,1,0,0,0,1,0,0,0,0,0,0,1
"146","Economics_management","Management","Senior lecturer",1.25,3,49,0.943877551,75.51,2,1,3,24,2,67.65,1,1,1,0,0,1,0,0,0,0,0,0,0,1,0
"147","Economics_management","Management","Docent",1.25,2,50,1.747916667,12,3,0,2,52,1.788,61.33,1,1,1,1,0,0,0,0,0,0,0,0,0,0,0
"148","Economics_management","Management","Senior lecturer",1.25,2,91,0.760989011,0,3,1,2,4,2,100,1,1,1,0,0,0,0,0,0,0,0,0,0,0,0
"149","Economics_management","Management","Professor",0.5,2.6,69.3514376996805,1.75556998280511,52.5256006389776,2,0,2.9,52.8634812286689,1.88126279863481,64.1256655290102,2,1,0,0,0,0,0,0,0,0,0,0,0,0,0
"150","Economics_management","Management","Docent",0.5,2,36,1.96405,63.89,2,0,2.9,7,2,83.33,1,0,0,0,0,0,0,0,0,0,0,0,0,0,0
"151","Economics_management","Management","Docent",0.25,2.6,13,1.7692,84.62,1,0,2.9,52.8634812286689,1.88126279863481,64.1256655290102,2,0,0,0,0,0,0,0,0,0,0,0,0,0,0
"152","Economics_management","Management","Lecturer",0.25,2.6,69.3514376996805,1.75556998280511,52.5256006389776,2,0,2.9,51,1.875,69.46,1,0,0,0,0,0,0,0,0,0,0,0,0,0,0
"153","Economics_management","Management","Lecturer",0.25,2.6,69.3514376996805,1.75556998280511,52.5256006389776,2,0,2.9,36,1.75,73.04,2,0,0,0,0,0,0,0,0,0,0,0,0,0,0
"154","Economics_management","Gov_economic_regulation","Head",1,3,4,1.5625,75,1,1,3,52.8634812286689,1.88126279863481,64.1256655290102,2,1,1,0,0,0,0,0,0,0,0,0,0,0,0
"155","Economics_management","Gov_economic_regulation","Docent ",1.25,3,73,1.735842308,41.1,4,1,3,15,1.933,71.66,4,1,1,0,0,1,0,0,0,0,0,0,0,1,0
"156","Economics_management","Gov_economic_regulation","Docent",1,2,69.3514376996805,1.75556998280511,52.5256006389776,2,0,2.9,47,1.829,64.33,3,1,0,1,0,0,1,0,0,0,0,0,1,1,0
"157","Economics_management","Gov_economic_regulation","Senior lecturer",1,2,67,1.819385593,82.09,2,0,2.9,4,2,76.88,2,1,1,0,0,0,1,0,0,0,0,0,0,1,0
"158","Economics_management","Gov_economic_regulation","Docent",1.25,3,61,1.607304762,14.75,5,0,2,32,1.979,82.22,1,1,1,0,0,0,0,0,0,0,0,0,0,0,0
"159","Economics_management","Gov_economic_regulation","Senior lecturer",0.5,3,48,1.854166667,72.92,1,0,3,1,2,56.67,1,1,1,0,0,1,0,0,0,0,0,0,1,1,0
"160","Economics_management","Gov_economic_regulation","Docent",1,2,43,1.8387875,72.09,3,1,2,52.8634812286689,1.88126279863481,64.1256655290102,2,1,1,0,0,0,1,0,0,0,0,0,1,1,0
"161","Economics_management","Gov_economic_regulation","Senior lecturer",1,3,69.3514376996805,1.75556998280511,52.5256006389776,2,1,3,50,1.973,83.73,4,1,1,0,0,0,1,0,0,0,0,0,0,1,0
"162","Economics_management","Gov_economic_regulation","Senior lecturer",1.25,3,59,1.775423729,27.12,3,1,3,33,1.929,72.77,2,1,1,0,0,0,1,0,0,0,0,0,0,1,0
"163","Economics_management","Gov_economic_regulation","Senior lecturer",1.25,4,88,1.974431818,80.68,3,0,4,107,1.984,72.08,3,1,1,1,1,0,0,0,0,0,0,0,0,1,0
"164","Economics_management","Gov_economic_regulation","Docent",1,3,36,1.825892857,47.22,5,1,2,29,1.839,59.27,3,1,1,0,0,0,1,0,0,0,0,0,1,1,0
"165","Economics_management","Gov_economic_regulation","Senior lecturer",1,3,85,1.697058824,31.76,1,1,2.9,30,1.966,77.47,3,0,1,0,0,0,0,0,0,0,0,0,0,0,0
"166","Economics_management","Gov_economic_regulation","Docent",1.25,3,68,1.764655172,45.59,3,1,3,32,1.635,52.05,3,1,1,0,0,1,0,0,0,0,0,0,0,1,0
"167","Economics_management","Gov_economic_regulation","Docent",1.25,2,31,1.758064516,54.84,1,1,3,53,1.912,49.76,2,1,1,1,0,0,1,0,0,0,0,1,0,1,0
"168","Economics_management","Gov_economic_regulation","Senior lecturer",1,3,69.3514376996805,1.75556998280511,52.5256006389776,2,1,3,52.8634812286689,1.88126279863481,64.1256655290102,2,1,0,0,0,0,1,0,0,0,0,0,0,1,0
"169","Economics_management","Gov_economic_regulation","Lecturer",1,3,75,1.876666667,59.46,5,1,3,102,1.967,63.32,8,1,1,0,0,0,1,0,0,0,0,0,0,1,0
"170","Economics_management","Gov_economic_regulation","Professor",1.25,4,6,2,100,2,1,4,6,2,100,2,1,1,0,0,1,0,1,0,0,0,0,0,1,1
"171","Economics_management","Gov_economic_regulation","Professor",1,2,51,1.911764706,68.63,2,1,3,52.8634812286689,1.88126279863481,64.1256655290102,2,1,1,0,0,0,1,0,1,0,0,0,0,1,1
"172","Economics_management","Gov_economic_regulation","Senior lecturer",1,3,10,1.65,30,1,1,2,48,1.736,66.08,4,1,1,0,0,0,0,0,0,0,0,0,0,0,0
"173","Economics_management","Gov_economic_regulation","Professor",0.25,2.6,69.3514376996805,1.75556998280511,52.5256006389776,2,0,2.9,52.8634812286689,1.88126279863481,64.1256655290102,2,0,0,0,0,0,0,0,0,0,0,0,0,0,0
"174","Economics_management","Gov_economic_regulation","Docent",0.5,2.6,69.3514376996805,1.75556998280511,52.5256006389776,2,0,2.9,52.8634812286689,1.88126279863481,64.1256655290102,2,0,0,0,0,0,0,0,0,0,0,0,0,0,0
"175","Economics_management","Intl_economics_relations_marketing","Head",1,2,13,1.634615385,30.77,1,1,2,21,1.761,46.55,1,1,1,0,0,0,0,0,0,0,0,0,0,0,0
"176","Economics_management","Intl_economics_relations_marketing","Docent",1,2,25,1.657608696,68,3,0,2,49,1.979,88.55,5,0,0,0,0,0,0,0,0,0,0,0,1,0,0
"177","Economics_management","Intl_economics_relations_marketing","Professor",1,2,35,1.936342593,74.29,2,0,3,82,1.808,44.31,7,1,1,0,0,0,1,0,0,0,0,0,0,1,0
"178","Economics_management","Intl_economics_relations_marketing","Lecturer",0.5,2,75,1.743333333,52.05,5,1,2,94,1.748,49.06,5,1,1,0,0,0,0,0,0,0,0,0,1,0,0
"179","Economics_management","Intl_economics_relations_marketing","Professor",1,3,29,1.633928571,37.93,3,1,4,11,2,75,2,1,0,0,0,0,0,1,0,0,0,0,0,0,1
"180","Economics_management","Intl_economics_relations_marketing","Senior lecturer",0.25,2.6,69.3514376996805,1.75556998280511,52.5256006389776,2,0,2.9,52.8634812286689,1.88126279863481,64.1256655290102,2,0,0,0,0,0,0,0,0,0,0,0,0,0,0
"181","Economics_management","Intl_economics_relations_marketing","Docent",1.25,3,29,1.956896552,72.41,3,1,3,58,1.919,73.84,3,1,1,0,0,1,0,0,0,0,0,0,0,1,0
"182","Economics_management","Intl_economics_relations_marketing","Professor",1,3,105,1.525274725,12.38,3,1,3,18,1.555,27.78,1,1,1,0,0,0,0,0,0,0,0,0,0,0,0
"183","Economics_management","Intl_economics_relations_marketing","Lecturer",0.5,2,77,1.899350649,80.52,5,1,2,15,2,72.97,1,1,1,0,0,0,0,0,0,0,0,0,0,0,0
"184","Economics_management","Intl_economics_relations_marketing","Docent",1,2,29,1.65625,67.86,5,0,3,57,1.994,60.98,3,1,0,0,0,0,0,0,0,0,0,0,0,0,0
"185","Economics_management","Intl_economics_relations_marketing","Docent",1,4,49,1.927777778,61.22,5,0,4,40,1.892,44.74,4,1,0,0,1,0,0,0,0,0,0,0,1,1,0
"186","Economics_management","Intl_economics_relations_marketing","Senior lecturer",1,3,45,1.894444444,75.56,3,1,4,194,1.956,64.06,2,1,0,0,0,1,0,0,0,0,0,0,0,1,0
"187","Economics_management","Intl_economics_relations_marketing","Senior lecturer",1,3,46,1.880434783,80.43,3,1,4,69,1.966,76.04,4,0,1,0,0,1,0,0,0,0,0,0,0,1,0
"188","Economics_management","Intl_economics_relations_marketing","Docent",1,2,16,1.890625,41.18,2,0,3,85,1.768,62.04,2,1,0,0,0,0,0,0,0,0,0,0,1,0,0
"189","Economics_management","Intl_economics_relations_marketing","Docent",1,3,23,1.889705882,78.26,3,0,3,48,1.916,85.64,4,0,0,0,0,1,0,0,0,0,0,0,0,1,0
"190","Economics_management","Intl_economics_relations_marketing","Senior lecturer",1,2,89,1.837078652,60.67,5,1,2,72,1.787,60.89,6,0,0,0,0,1,0,0,0,0,0,1,0,1,0
"191","Economics_management","Intl_economics_relations_marketing","Professor",1,2,8,2,87.5,1,1,3,25,1.68,65.49,4,1,0,0,0,0,0,0,0,0,0,0,1,0,0
"192","Economics_management","Intl_economics_relations_marketing","Docent",1.25,3,42,1.75,45.24,4,1,3,94,1.893,44.13,3,1,0,0,0,0,1,0,0,0,0,0,0,1,0
"193","Economics_management","Intl_economics_relations_marketing","Professor",1,3,38,1.934210526,68.42,1,1,3,20,1.983,84.62,1,1,0,0,0,1,0,0,0,0,0,0,0,1,0
"194","Economics_management","Intl_economics_relations_marketing","Docent",1,4,15,1.692307692,73.33,2,1,3,52.8634812286689,1.88126279863481,64.1256655290102,2,0,0,0,0,0,0,0,0,0,0,0,0,0,0
"195","Economics_management","Intl_economics_relations_marketing","Docent",1.25,4,48,1.769886364,37.5,4,1,3,56,1.815,70.6,2,1,0,1,0,0,0,0,0,0,0,0,0,0,0
"196","Economics_management","Intl_economics_relations_marketing","Senior lecturer",1,2,18,1.986111111,83.33,2,0,3,74,1.914,51.31,6,1,0,0,0,0,1,0,0,0,0,1,0,1,0
"197","Economics_management","Intl_economics_relations_marketing","Docent",1,3,4,2,25,1,1,3,52.8634812286689,1.88126279863481,64.1256655290102,2,0,0,0,0,0,0,0,0,0,0,0,1,0,0
"198","Economics_management","Intl_economics_relations_marketing","Docent",1,2,65,1.849385246,38.46,1,0,2,55,1.672,39.55,2,0,0,0,0,0,0,0,0,0,0,0,1,0,0
"199","Economics_management","Intl_economics_relations_marketing","Docent",1,2,59,1.872807018,50.85,4,1,3,25,1.587,59.64,3,0,0,0,0,0,0,0,0,0,0,0,0,0,0
"200","Economics_management","Intl_economics_relations_marketing","Professor ",0.25,2.6,69.3514376996805,1.75556998280511,52.5256006389776,2,0,2.9,52.8634812286689,1.88126279863481,64.1256655290102,2,1,0,0,0,0,0,0,0,0,0,0,0,0,0
"201","Applied_sciences","Computer_science","Head",1,3,69.3514376996805,1.75556998280511,52.5256006389776,2,1,4,52.8634812286689,1.88126279863481,64.1256655290102,2,1,0,0,0,0,0,0,0,0,0,0,0,0,0
"202","Applied_sciences","Computer_science","Professor",1,2,15,1.604166667,-46.67,2,1,2,8,1.917,25,2,1,0,0,0,0,0,0,0,0,0,0,0,0,0
"203","Applied_sciences","Computer_science","Docent",1,3,27,1.57895,37.04,3,1,3,56,1.887,76.95,4,1,0,0,0,0,0,0,0,0,0,0,0,0,0
"204","Applied_sciences","Computer_science","Docent",1,2,47,1.772222222,46.81,4,1,3,120,1.924,47.69,3,0,0,0,0,0,0,0,1,0,0,0,0,0,1
"205","Applied_sciences","Computer_science","Senior lecturer",1,2,78,1.74463037,51.28,3,1,2,19,1.859,41.13,1,1,0,0,0,1,0,0,0,0,0,0,0,1,0
"206","Applied_sciences","Computer_science","Senior lecturer",1,2,67,1.712686567,38.81,4,1,3,60,1.961,41.13,1,0,0,0,0,0,0,0,0,0,0,0,1,0,0
"207","Applied_sciences","Computer_science","Docent",0.5,2,9,2,55.56,2,0,2,7,2,58.33,2,0,0,0,0,0,1,0,0,0,0,0,1,1,0
"208","Applied_sciences","Computer_science","Docent",1,3,113,1.739892424,57.52,2,1,3,45,1.585,41.13,1,0,0,0,0,1,0,0,0,0,0,0,0,1,0
"209","Applied_sciences","Computer_science","Docent",1,2,31,1.814516129,35.48,3,1,3,71,1.868,67.44,3,1,0,0,0,0,0,0,0,0,0,0,1,0,0
"210","Applied_sciences","Computer_science","Docent",1,2,11,1.85,54.55,1,1,2,42,1.881,71.82,5,0,0,0,0,0,1,0,0,0,0,0,0,1,0
"211","Applied_sciences","Computer_science","Senior lecturer",1,2,39,1.564102564,43.59,3,1,3,40,1.95,48.34,2,0,0,0,0,0,0,0,0,0,0,0,1,0,0
"212","Applied_sciences","Computer_science","Senior lecturer",1,2,61,1.62295082,34.43,2,1,3,45,1.909,73.87,3,0,0,0,0,0,0,0,1,0,0,0,0,0,1
"213","Applied_sciences","Computer_science","Senior lecturer",1,2,46,1.725241546,45.61,2,1,3,93,1.881,60.94,3,0,0,0,0,0,0,0,1,0,0,0,0,0,1
"214","Applied_sciences","Computer_science","Senior lecturer",0.75,2,23,1.858695652,78.26,2,1,3,16,1.923,65.56,3,1,0,0,0,0,1,0,0,0,0,0,0,1,0
"215","Applied_sciences","Computer_science","Senior lecturer",1,2,38,1.473684211,31.58,4,1,2,10,1.905,40.04,4,0,0,1,0,0,0,0,0,0,0,0,1,0,0
"216","Applied_sciences","Computer_science","Senior lecturer",1,3,18,1.305555556,-50,2,1,3,99,1.26,42.87,3,1,0,0,0,0,0,0,0,0,0,0,0,0,0
"217","Applied_sciences","Computer_science","Docent",1,3,178,1.848870056,40.45,3,1,3,189,1.871,70.54,3,1,0,0,0,0,0,0,1,0,0,0,0,0,1
"218","Applied_sciences","Computer_science","Senior lecturer",0.75,2,48,1.713541667,43.75,3,1,2,24,1.888,48.31,3,1,0,0,0,0,0,0,0,0,0,0,0,0,0
"219","Applied_sciences","Computer_science","Docent",1,2,64,1.515873016,15.63,5,1,3,52,1.929,45.22,3,1,0,0,0,0,0,0,0,0,0,0,0,0,0
"220","Applied_sciences","Computer_science","Professor",1,3,15,1.83335,-26.67,4,1,3,10,1.476,-27.78,2,1,0,0,0,1,0,0,0,0,0,0,0,1,0
"221","Applied_sciences","Computer_science","Professor",1,2,24,1.976190476,41.67,5,1,3,36,1.83,70.56,2,1,0,0,0,0,0,0,0,0,0,0,0,0,0
"222","Applied_sciences","Ecology","Head",1,3,69.3514376996805,1.75556998280511,52.5256006389776,2,1,3,52.8634812286689,1.88126279863481,64.1256655290102,2,1,0,0,0,0,0,0,0,0,0,0,0,0,0
"223","Applied_sciences","Ecology","Docent",1,2.6,69.3514376996805,1.75556998280511,52.5256006389776,2,0,2,54,1.981,75.29,4,1,0,1,0,0,0,0,0,0,0,0,1,0,0
"224","Applied_sciences","Ecology","Senior lecturer",0.75,2,118,1.646186441,31.36,4,0,2,22,1.833,81.58,2,0,0,0,0,0,0,0,0,0,0,0,1,0,0
"225","Applied_sciences","Ecology","Senior lecturer",1,2,212,1.610189573,34.6,3,0,3,236,1.725,58.63,2,1,0,0,0,0,0,0,0,0,0,0,1,0,0
"226","Applied_sciences","Ecology","Senior lecturer",0.75,2,254,1.771653543,36.22,4,0,3,89,1.808,82.23,2,1,0,0,0,0,0,0,0,0,0,0,1,0,0
"227","Applied_sciences","Ecology","Docent",1,2,237,1.404397009,53.59,6,0,3,20,1.667,58.33,2,1,0,0,0,0,0,0,0,0,0,0,1,0,0
"228","Applied_sciences","Ecology","Docent",1,3,37,1.807779032,67.57,0,1,4,37,1.792,63.35,3,1,0,0,0,1,0,0,0,0,0,0,0,1,0
"229","Applied_sciences","Ecology","Docent",1,3,55,1.672169811,63.64,5,0,3,5,1.8,65.25,2,1,0,1,0,1,0,0,0,1,0,0,0,1,1
"230","Applied_sciences","Ecology","Docent",1,3,102,1.850490196,80.39,3,1,4,27,2,65.92,5,1,1,0,0,1,0,0,0,0,0,0,0,1,0
"231","Applied_sciences","Ecology","Senior lecturer",1,3,44,1.904761905,61.36,5,1,3,16,2,94.74,1,1,0,1,0,1,0,0,0,0,0,1,0,1,0
"232","Applied_sciences","Ecology","Docent",1,3,19,1.908333333,36.84,3,0,4,7,2,86.84,2,1,0,0,0,0,0,0,0,1,0,0,0,0,1
"233","Applied_sciences","Ecology","Lecturer",1,2,117,1.807692308,73.5,4,1,3,162,1.963,62.39,4,0,1,0,0,0,1,0,0,0,0,0,1,1,0
"234","Applied_sciences","Ecology","Docent",1,2,1,1.5,0,1,0,3,109,1.957,49.65,4,1,0,0,0,0,0,0,0,0,0,0,0,0,0
"235","Applied_sciences","Ecology","Docent",1,2,20,1.725,90,4,0,3,3,1.889,94.74,1,1,0,0,0,1,0,0,0,0,0,0,0,1,0
"236","Applied_sciences","Ecology","Docent",1,2,68,1.801470588,42.65,2,1,3,16,1.937,73.68,1,1,1,0,0,0,0,0,0,0,0,0,0,0,0
"237","Applied_sciences","Ecology","Senior lecturer",1,2,91,1.728021978,56.04,2,0,3,35,1.971,62.5,3,1,0,0,0,0,1,0,0,0,0,0,0,1,0
"238","Applied_sciences","Ecology","Professor",1,2,71,1.742957746,60.56,1,1,2,52.8634812286689,1.88126279863481,64.1256655290102,2,1,0,0,0,1,0,0,0,0,0,0,1,1,0
"239","Applied_sciences","Ecology","Lecturer",1,2.6,69.3514376996805,1.75556998280511,52.5256006389776,2,0,2,220,1.924,61.8,2,1,0,0,0,0,0,0,0,0,0,0,1,0,0
"240","Applied_sciences","Ecology","Docent",1,2,55,1.849056604,50.91,3,1,3,219,1.869,66.15,4,1,1,0,0,1,0,0,0,0,0,0,0,1,0
"241","Applied_sciences","Ecology","Senior lecturer",1,2,254,1.827075099,68.38,2,0,2,164,1.933,86.19,3,1,0,0,0,1,0,0,0,0,0,0,1,1,0
"242","Applied_sciences","Ecology","Docent",1,3,50,1.731770833,67.35,5,1,4,52.8634812286689,1.88126279863481,64.1256655290102,2,1,1,0,0,1,0,0,0,0,0,0,0,1,0
"243","Applied_sciences","Ecology","Professor",0.5,2.6,69.3514376996805,1.75556998280511,52.5256006389776,2,0,2.9,52.8634812286689,1.88126279863481,64.1256655290102,2,0,0,0,0,0,0,0,0,0,0,0,0,0,0
"244","Applied_sciences","Ecology","Docent",0.5,2.6,6,1.8125,66.67,2,0,2.9,4,2,81.58,2,0,0,0,0,0,0,0,0,0,0,0,0,0,0
"245","Applied_sciences","Ecology","Docent",0.25,2.6,69.3514376996805,1.75556998280511,52.5256006389776,2,0,2.9,52.8634812286689,1.88126279863481,64.1256655290102,2,0,0,0,0,0,0,0,0,0,0,0,0,0,0
"246","Applied_sciences","Ecology","Docent",0.25,2.6,69.3514376996805,1.75556998280511,52.5256006389776,2,0,2.9,52.8634812286689,1.88126279863481,64.1256655290102,2,0,0,0,0,0,0,0,0,0,0,0,0,0,0
"247","Applied_sciences","Ecology","Senior lecturer",0.25,2.6,69.3514376996805,1.75556998280511,52.5256006389776,2,0,2.9,52.8634812286689,1.88126279863481,64.1256655290102,2,0,0,0,0,0,0,0,0,0,0,0,0,0,0
"248","Applied_sciences","Tourism","Head",1,2,3,1.75,100,3,1,3,52.8634812286689,1.88126279863481,64.1256655290102,2,1,0,1,0,0,0,0,0,0,0,0,0,0,0
"249","Applied_sciences","Tourism","Senior lecturer",0.5,2,36,1.597222222,30.56,2,1,3,6,2,90.18,2,1,0,0,0,0,0,0,0,0,0,0,0,0,0
"250","Applied_sciences","Tourism","Docent",0.75,2,69.3514376996805,1.75556998280511,52.5256006389776,2,1,2.9,2,2,100,1,1,0,0,0,0,1,0,0,0,0,0,1,1,0
"251","Applied_sciences","Tourism","Docent",1,2,36,1.758870968,50,4,0,3,13,1.82,38.46,1,0,0,1,0,0,1,0,0,0,0,1,0,1,0
"252","Applied_sciences","Tourism","Docent",1,2,62,1.670258621,37.1,6,0,3,13,1.872,80.3,2,0,0,0,0,0,0,0,0,0,0,0,1,0,0
"253","Applied_sciences","Tourism","Senior lecturer",1,2,52,1.548076923,30.77,4,1,3,49,1.87,79.64,4,1,0,0,0,0,0,0,0,0,0,0,0,0,0
"254","Applied_sciences","Tourism","Docent",1,3,38,1.736842105,52.63,5,1,3,15,1.978,85.71,4,1,0,0,0,1,0,0,0,0,0,0,0,1,0
"255","Applied_sciences","Tourism","Senior lecturer",1,2.6,69.3514376996805,1.75556998280511,52.5256006389776,2,0,3,13,2,79.63,3,1,0,1,0,0,0,0,1,0,0,0,0,0,1
"256","Applied_sciences","Tourism","Senior lecturer",1,2,41,1.75,63.41,3,1,3,34,1.961,70.37,5,0,0,1,0,0,1,0,0,0,0,0,0,1,0
"257","Applied_sciences","Tourism","Professor",0.75,2,1,2,-100,1,0,3,52.8634812286689,1.88126279863481,64.1256655290102,2,1,0,0,0,0,0,0,0,0,0,0,0,0,0
"258","Applied_sciences","Tourism","Senior lecturer",1,2,55,1.668097643,69.09,3,1,3,42,1.849,85.36,2,0,0,0,0,0,1,0,0,0,0,0,0,1,0
"259","Applied_sciences","Tourism","Senior lecturer",1,2.6,69.3514376996805,1.75556998280511,52.5256006389776,2,0,3,11,2,86.36,2,1,0,0,0,0,0,0,0,0,0,0,0,0,0
"260","Applied_sciences","Tourism","Senior lecturer",1,2,80,1.81875,62.5,7,0,2,47,2,85.57,5,1,0,1,0,1,0,0,0,0,0,1,0,1,0
"261","Applied_sciences","Tourism","Docent",1,2,19,1.892857143,88.89,3,1,3,3,2,60,1,0,0,1,0,0,1,0,0,0,0,0,0,1,0
"262","Applied_sciences","Tourism","Lecturer",0.25,2,31,1.790322581,70.97,5,1,2,13,2,77.74,3,0,0,0,0,1,0,0,0,1,0,0,0,1,1
"263","Applied_sciences","Tourism","Docent",1,2,27,1.819422222,40.74,5,1,3,9,1.888,98.86,2,1,0,0,0,0,0,0,0,0,0,0,0,0,0
"264","Applied_sciences","Tourism","Senior lecturer",0.5,2,16,1.84375,75,2,0,2,8,1.958,69.14,5,1,0,1,0,0,0,0,0,0,0,0,0,0,0
"265","Applied_sciences","??????? ""??????????? ? ?????""","Head",1,2.6,69.3514376996805,1.75556998280511,52.5256006389776,2,0,2.9,52.8634812286689,1.88126279863481,64.1256655290102,2,1,1,0,0,0,0,0,0,0,0,0,0,0,0
"266","Applied_sciences","Politology_law","Senior lecturer",1.25,2,77,1.902597403,77.92,4,0,3,36,1.972,76.51,3,1,0,0,0,0,1,0,1,0,0,0,0,1,1
"267","Applied_sciences","Politology_law","Docent",1,2,12,1.895833333,75,3,0,3,54,1.95,63.74,6,1,0,0,0,0,1,0,0,0,0,0,0,1,0
"268","Applied_sciences","Politology_law","Docent",1,3,81,1.959876543,97.53,1,0,4,132,1.979,68.18,1,1,0,0,0,1,0,1,0,0,0,0,0,1,1
"269","Applied_sciences","Politology_law","Senior lecturer",1.25,2,101,1.423267327,41.58,5,0,3,110,1.612,46.59,4,0,0,0,0,0,0,0,0,0,0,0,0,0,0
"270","Applied_sciences","Politology_law","Docent",1.5,2,56,1.767857143,87.5,2,0,3,40,2,91.79,2,1,0,0,0,0,1,0,0,0,0,0,0,1,0
"271","Applied_sciences","Politology_law","Senior lecturer",0.5,2,44,1.857954545,75,2,0,3,134,1.932,69.67,1,1,0,0,0,0,1,0,0,0,0,0,0,1,0
"272","Applied_sciences","Politology_law","Docent",1,2.6,69.3514376996805,1.75556998280511,52.5256006389776,2,0,3,125,1.891,57.78,5,0,0,0,0,0,0,0,0,0,0,0,1,0,0
"273","Applied_sciences","Politology_law","Docent",0.5,2.6,69.3514376996805,1.75556998280511,52.5256006389776,2,0,2,5,1,34.23,1,0,0,0,0,0,0,0,0,0,0,0,0,0,0
"274","Applied_sciences","Politology_law","Docent",1.5,3,192,1.830729167,88.02,2,0,3,240,1.895,79.12,2,0,0,0,0,1,0,0,0,0,0,0,0,1,0
"275","Applied_sciences","Politology_law","Docent",1,1,25,1.82,-8,4,0,3,25,1.973,54.09,4,0,0,1,0,0,0,0,0,0,0,0,0,0,0
"276","Applied_sciences","Politology_law","Senior lecturer",1.5,2,209,1.832535885,70.33,2,0,3,109,1.88,42.11,2,0,0,0,0,1,0,0,0,0,0,0,0,1,0
"277","Applied_sciences","Politology_law","Docent",1,2,250,1.398,11.6,1,0,3,220,1.778,68.18,1,1,1,0,0,0,0,0,0,0,0,0,0,0,0
"278","Applied_sciences","Politology_law","Professor",1.5,3,23,1.931818182,95.45,3,0,3,16,1.958,84.17,2,0,0,0,0,1,0,0,0,0,0,0,0,1,0
"279","Applied_sciences","Politology_law","Docent",1,2,5,1.916666667,100,3,0,3,23,1.971,83.92,5,0,0,0,0,0,0,0,0,0,0,0,0,0,0
"280","Applied_sciences","Politology_law","Docent",0.75,3,133,1.833984375,50.78,1,0,3,125,1.877,64.1,2,1,0,1,0,1,0,0,0,0,0,0,0,1,0
"281","Applied_sciences","Politology_law","Docent",1,2,227,1.575688073,28.9,1,0,3,161,1.828,64.1,2,1,0,1,0,0,0,0,0,0,0,0,1,0,0
"282","Applied_sciences","Politology_law","Docent",1.25,2,9,2,100,2,0,3,15,2,43.2,4,0,0,0,0,0,1,0,0,1,0,0,0,1,1
"283","Applied_sciences","Politology_law","Senior lecturer",0.5,2,43,1.651162791,74.42,3,0,2,52.8634812286689,1.88126279863481,64.1256655290102,2,0,0,0,0,0,0,0,0,0,0,0,1,0,0
"284","Applied_sciences","Politology_law","Senior lecturer",1.5,2,62,1.701612903,72.58,1,1,4,68,1.951,82.31,3,0,1,0,0,1,0,1,0,0,0,0,0,1,1
"285","Applied_sciences","Politology_law","Docent",1.25,2,129,1.831692913,58.91,3,0,3,27,2,30.95,3,0,0,0,0,0,1,0,0,0,0,1,0,1,0
"286","Applied_sciences","Politology_law","Senior lecturer",0.75,2.6,69.3514376996805,1.75556998280511,52.5256006389776,2,0,3,52.8634812286689,1.88126279863481,64.1256655290102,2,0,0,0,0,0,0,0,0,0,0,0,0,0,0
"287","Applied_sciences","Politology_law","Senior lecturer",1.25,2,81,1.700617284,67.9,3,0,3,11,1.788,62.84,2,1,0,0,0,0,1,0,0,0,0,0,0,1,0
"288","Applied_sciences","Politology_law","Professor",1.25,3,98,1.836734694,84.69,3,0,4,38,1.991,88.57,1,1,0,0,0,1,0,1,0,0,0,0,0,1,1
"289","Applied_sciences","Politology_law","Docent",1.25,2,90,1.625,35.56,1,0,3,47,1.752,37.72,4,0,0,0,0,0,0,0,0,0,0,0,0,0,0
"290","Applied_sciences","Politology_law","Docent",1,2,57,1.743303571,52.63,2,0,2,33,1.99,80.33,1,1,0,0,0,0,1,0,0,0,0,0,0,1,0
"291","Applied_sciences","Politology_law","Senior lecturer",0.25,2.6,69.3514376996805,1.75556998280511,52.5256006389776,2,0,2.9,52.8634812286689,1.88126279863481,64.1256655290102,2,0,0,0,0,0,0,0,0,0,0,0,0,0,0
"292","Applied_sciences","Politology_law","Senior lecturer",0.25,2.6,69.3514376996805,1.75556998280511,52.5256006389776,2,0,2.9,9,1.889,69.67,1,0,0,0,0,0,0,0,0,0,0,0,0,0,0
"293","Applied_sciences","Politology_law","Docent",0.25,2.6,6,1.9167,100,2,0,2.9,8,2,80.33,1,0,0,0,0,0,0,0,0,0,0,0,0,0,0
"294","Applied_sciences","Politology_law","Docent",0.5,2.6,69.3514376996805,1.75556998280511,52.5256006389776,2,0,2.9,52.8634812286689,1.88126279863481,64.1256655290102,2,0,0,0,0,0,0,0,0,0,0,0,0,0,0
"295","Basic_education","Applied_mathematics","Head",1,4,69.3514376996805,1.75556998280511,52.5256006389776,2,1,4,21,1.984,76.67,2,1,1,0,0,0,0,0,0,0,0,0,0,0,0
"296","Basic_education","Applied_mathematics","Docent",1.25,2,28,1.910714286,75,1,1,3,123,1.829,55.18,3,0,1,0,0,0,0,0,0,0,0,0,0,0,0
"297","Basic_education","Applied_mathematics","Senior lecturer",1.5,3,34,1.558823529,20.59,1,1,4,74,1.882,24.73,1,1,1,0,0,0,0,0,1,0,0,0,0,0,1
"298","Basic_education","Applied_mathematics","Senior lecturer",1.25,3,95,1.323684211,-15.79,2,1,3,195,1.676,24.73,1,1,1,0,0,0,0,0,0,0,0,0,0,0,0
"299","Basic_education","Applied_mathematics","Docent",1.25,4,166,1.762048193,48.19,1,1,4,105,1.955,50.18,4,0,1,0,1,0,0,0,0,0,0,0,0,1,0
"300","Basic_education","Applied_mathematics","Senior lecturer",1.25,3,30,1.616666667,50,2,1,3,121,1.534,36.82,3,1,1,0,0,0,0,0,0,0,0,0,0,0,0
"301","Basic_education","Applied_mathematics","Professor",1,3,137,1.723484848,30.3,2,1,4,29,1.735,29.8,3,0,1,0,0,0,0,0,0,0,0,0,0,0,0
"302","Basic_education","Applied_mathematics","Docent",1.25,3,41,1.87804878,48.78,2,1,4,197,1.832,55.89,3,0,1,0,0,1,0,0,0,0,0,0,0,1,0
"303","Basic_education","Applied_mathematics","Senior lecturer",1.25,3,111,1.651376147,22.94,2,1,3,137,1.91,46.11,2,1,1,0,0,0,0,0,0,0,0,0,0,0,0
"304","Basic_education","Applied_mathematics","Senior lecturer",1.25,3,56,1.642857143,47.17,2,1,3,111,1.798,51.73,3,1,1,0,0,0,1,0,0,0,0,0,0,1,0
"305","Basic_education","Applied_mathematics","Professor",1,4,69.3514376996805,1.75556998280511,52.5256006389776,2,1,4,98,1.615,24.73,1,1,1,0,1,0,0,0,0,0,0,0,0,1,0
"306","Basic_education","Applied_mathematics","Docent",1,3,96,1.770833333,64.58,2,1,3,47,1.957,46,2,1,1,0,0,1,0,0,0,0,0,1,0,1,0
"307","Basic_education","Philosophy_history","Head",1,3,69.3514376996805,1.75556998280511,52.5256006389776,2,0,4,49,1.823,62.23,1,1,1,0,0,0,0,0,0,0,0,0,0,0,0
"308","Basic_education","Philosophy_history","Professor",0.75,2,171,1.58625731,-3.51,1,0,3,63,1.46,49.72,1,0,1,0,0,0,0,0,0,0,0,0,1,0,0
"309","Basic_education","Philosophy_history","Senior lecturer",1,3,154,1.787337662,77.27,1,1,3,90,1.903,49.72,1,0,1,0,0,0,1,0,0,0,0,1,0,1,0
"310","Basic_education","Philosophy_history","Senior lecturer",1,3,69.3514376996805,1.75556998280511,52.5256006389776,2,1,2,108,1.718,47.94,2,0,1,1,0,0,1,0,0,0,0,1,0,1,0
"311","Basic_education","Philosophy_history","Docent",1.5,3,227,1.758810573,61.67,1,1,4,162,1.921,64.45,2,0,1,0,0,0,1,0,0,0,0,0,0,1,0
"312","Basic_education","Philosophy_history","Professor",0.25,2,69.3514376996805,1.75556998280511,52.5256006389776,2,1,3,52.8634812286689,1.88126279863481,64.1256655290102,2,0,1,0,0,0,0,0,0,0,0,0,0,0,0
"313","Basic_education","Philosophy_history","Docent",1.25,3,239,1.930824074,76.99,2,1,4,26,1.897,66.67,1,1,1,0,0,0,1,0,1,0,0,0,0,1,1
"314","Basic_education","Philosophy_history","Senior lecturer",1,3,187,1.740641711,37.97,1,0,3,113,1.814,49.72,1,0,1,0,0,0,0,0,0,0,0,0,0,0,0
"315","Basic_education","Philosophy_history","Docent",1,3,210,1.632142857,40,1,1,4,170,1.851,47.94,2,1,1,0,0,0,0,0,1,0,0,0,0,0,1
"316","Basic_education","Philosophy_history","Docent",1.25,3,176,1.528741139,13.07,2,1,3,142,1.896,62.23,1,0,1,0,0,0,0,0,0,0,0,0,0,0,0
"317","Basic_education","Philosophy_history","Docent",1.25,3,162,1.844359756,43.83,2,1,4,133,1.884,62.23,1,0,1,0,0,0,1,0,0,0,0,0,0,1,0
"318","Basic_education","Philosophy_history","Docent",0.5,2.6,69.3514376996805,1.75556998280511,52.5256006389776,2,0,2.9,52.8634812286689,1.88126279863481,64.1256655290102,2,0,0,0,0,0,0,0,0,0,0,0,0,0,0
"319","Basic_education","Philosophy_history","Senior lecturer",0.5,2.6,69.3514376996805,1.75556998280511,52.5256006389776,2,1,2.9,50,1.973,83.73,4,1,1,0,0,1,0,0,0,0,0,0,0,1,0
"320","Basic_education","KZ_RU_language","Head",1,3,39,1.775641026,87.18,1,0,4,30,2,88.95,1,1,0,0,0,0,0,0,0,0,0,0,0,0,0
"321","Basic_education","KZ_RU_language","Docent",1,3,18,1.916666667,88.89,1,1,3,47,1.978,81.05,2,0,1,0,0,1,0,0,0,0,0,1,0,1,0
"322","Basic_education","KZ_RU_language","Docent",1,3,62,1.959677419,85.48,1,1,3,41,2,92.31,1,1,0,0,0,1,0,0,0,0,0,1,0,1,0
"323","Basic_education","KZ_RU_language","Docent",0.75,2.6,71,1.792253521,67.61,1,0,3,41,2,88.95,1,0,0,0,0,0,0,0,0,0,0,0,0,0,0
"324","Basic_education","KZ_RU_language","Docent",1,3,36,1.993055556,97.22,1,1,3,41,1.967,92.31,1,1,0,0,0,0,1,0,0,0,0,1,0,1,0
"325","Basic_education","KZ_RU_language","Senior lecturer",1.25,3,63,1.78968254,98.41,1,1,2,66,2,84.2,3,1,0,0,0,0,1,0,0,0,0,1,1,1,0
"326","Basic_education","KZ_RU_language","Senior lecturer",1.25,3,104,1.834134615,74.04,2,1,3,75,1.853,80.15,2,1,1,0,0,0,1,0,0,1,0,0,0,1,1
"327","Basic_education","KZ_RU_language","Senior lecturer",1.25,3,104,1.855769231,93.27,1,1,3,85,1.98,80.15,2,0,0,0,0,0,1,0,0,0,0,1,0,1,0
"328","Basic_education","KZ_RU_language","Docent",1,3,59,1.923728814,86.44,1,1,3,43,1.937,92.31,1,1,0,0,0,0,1,0,0,0,0,1,0,1,0
"329","Basic_education","KZ_RU_language","Docent",1.25,3,26,1.836538462,61.54,1,0,4,52,1.756,81.05,2,1,0,0,0,0,0,0,1,0,0,0,0,0,1
"330","Basic_education","KZ_RU_language","Senior lecturer",0.5,3,83,1.837349398,87.95,1,1,4,96,1.93,80.15,2,1,1,0,0,0,0,0,1,0,0,0,0,0,1
"331","Basic_education","KZ_RU_language","Senior lecturer",1.25,3,19,1.868421053,68.42,1,0,2,66,1.833,80.15,2,1,0,1,0,0,0,0,0,0,0,0,0,0,0
"332","Basic_education","KZ_RU_language","Senior lecturer",1.25,3,113,1.860619469,96.46,2,1,3,78,1.983,80.15,2,0,0,0,0,0,1,0,0,0,0,1,0,1,0
"333","Basic_education","KZ_RU_language","Docent",1,3,43,1.872093023,81.4,1,1,3,44,1.992,92.31,1,1,0,0,0,1,0,0,0,0,0,1,0,1,0
"334","Basic_education","KZ_RU_language","Docent",1.25,3,55,1.831465789,80,1,0,3,94,1.971,81.05,2,1,0,0,0,0,0,0,0,0,0,0,0,0,0
"335","Basic_education","KZ_RU_language","Docent",0.25,3,80,1.9534,86.25,1,0,2,10,1.867,88.95,1,0,0,0,0,0,0,0,0,0,0,0,0,0,0
"336","Basic_education","Sports","Head",1,3,36,1.958333333,83.33,1,0,4,52.8634812286689,1.88126279863481,64.1256655290102,2,1,0,0,0,0,0,1,0,0,0,0,0,0,1
"337","Basic_education","Sports","Lecturer",1.5,3,158,1.897151899,98.73,1,1,2.9,52.8634812286689,1.88126279863481,64.1256655290102,2,0,0,0,0,0,1,0,0,0,0,0,0,1,0
"338","Basic_education","Sports","Senior lecturer",1.5,3,72,1.951388889,97.22,1,1,3,52.8634812286689,1.88126279863481,64.1256655290102,2,0,0,0,0,1,0,0,0,1,0,0,0,1,1
"339","Basic_education","Sports","Senior lecturer",1.5,3,120,1.952083333,85,1,1,3,52.8634812286689,1.88126279863481,64.1256655290102,2,0,0,0,0,0,0,0,0,0,0,0,0,0,0
"340","Basic_education","Sports","Senior lecturer",1.5,3,101,1.900990099,86.14,1,1,3,52.8634812286689,1.88126279863481,64.1256655290102,2,0,0,0,0,0,0,0,0,0,0,0,0,0,0
"341","Basic_education","Sports","Docent",1.25,3,43,1.953488372,97.67,1,1,3,52.8634812286689,1.88126279863481,64.1256655290102,2,0,0,0,0,0,1,0,0,0,0,0,0,1,0
"342","Basic_education","Sports","Senior lecturer",1.5,3,101,1.920792079,98.02,1,1,3,52.8634812286689,1.88126279863481,64.1256655290102,2,1,0,0,0,0,0,0,0,0,0,0,0,0,0
"343","Basic_education","Sports","Senior lecturer",1.5,3,106,1.919811321,91.51,1,1,3,52.8634812286689,1.88126279863481,64.1256655290102,2,1,0,0,0,0,0,0,0,0,0,0,0,0,0
"344","Basic_education","Sports","Senior lecturer",1.25,3,54,1.916666667,98.15,1,1,3,52.8634812286689,1.88126279863481,64.1256655290102,2,0,0,0,0,0,1,0,0,0,0,0,0,1,0
"345","Basic_education","Sports","Senior lecturer",1.5,3,112,1.883928571,94.64,1,1,3,52.8634812286689,1.88126279863481,64.1256655290102,2,1,0,0,0,0,0,0,0,0,0,0,0,0,0
"346","Basic_education","Sports","Senior lecturer",1.5,3,89,1.952247191,98.88,1,1,2.9,52.8634812286689,1.88126279863481,64.1256655290102,2,0,0,0,0,0,0,0,0,0,0,0,0,0,0
"347","Basic_education","Sports","Senior lecturer",1.5,3,101,1.98019802,96.04,1,1,3,52.8634812286689,1.88126279863481,64.1256655290102,2,0,0,0,0,0,1,0,0,0,0,0,0,1,0
"348","Basic_education","Sports","Senior lecturer",1.5,3,41,1.853658537,87.8,1,1,3,52.8634812286689,1.88126279863481,64.1256655290102,2,0,0,0,0,0,0,0,0,0,0,0,0,0,0
"349","Basic_education","Sports","Senior lecturer",1.25,3,61,1.959016393,65.57,1,1,3,52.8634812286689,1.88126279863481,64.1256655290102,2,0,0,0,0,0,0,0,0,0,0,0,0,0,0
"350","Basic_education","Sports","Senior lecturer",1.5,3,91,1.760989011,70.33,1,1,3,52.8634812286689,1.88126279863481,64.1256655290102,2,1,0,0,0,0,0,0,0,0,0,0,0,0,0
"351","Basic_education","Sports","Senior lecturer",1.25,3,30,1.683333333,50,1,1,2,52.8634812286689,1.88126279863481,64.1256655290102,2,0,0,0,0,0,0,0,0,0,0,0,0,0,0
"352","Basic_education","Sports","Docent",1.5,3,80,1.93125,97.5,1,1,3,52.8634812286689,1.88126279863481,64.1256655290102,2,1,0,0,0,0,1,0,0,1,0,0,0,1,1
"353","Basic_education","Sports","Docent",1.5,3,64,1.67578125,40.63,1,1,4,52.8634812286689,1.88126279863481,64.1256655290102,2,1,0,0,0,1,0,0,0,0,0,1,0,1,0
"354","Basic_education","Sports","Senior lecturer",1.5,3,92,1.858695652,58.7,1,1,3,52.8634812286689,1.88126279863481,64.1256655290102,2,1,0,0,0,0,1,0,0,0,0,0,0,1,0
"355","Basic_education","Sports","Senior lecturer",1.5,3,41,1.926829268,82.93,1,1,3,52.8634812286689,1.88126279863481,64.1256655290102,2,1,0,0,0,0,1,0,0,0,0,0,0,1,0
"356","Basic_education","Sports","Senior lecturer",0.5,3,69.3514376996805,1.75556998280511,52.5256006389776,2,1,2.9,52.8634812286689,1.88126279863481,64.1256655290102,2,0,0,0,0,0,0,0,0,0,0,0,1,0,0
"357","Basic_education","Sports","Coach",0.5,2.6,69.3514376996805,1.75556998280511,52.5256006389776,2,0,3,52.8634812286689,1.88126279863481,64.1256655290102,2,0,0,0,0,0,0,0,0,1,0,0,0,0,1
"358","Basic_education","Sports","Coach",0.5,2.6,69.3514376996805,1.75556998280511,52.5256006389776,2,0,2,52.8634812286689,1.88126279863481,64.1256655290102,2,0,0,0,0,0,0,0,0,0,0,0,0,0,0
"359","Basic_education","Sports","Coach",1,2.6,11,2,100,1,0,4,52.8634812286689,1.88126279863481,64.1256655290102,2,0,0,0,0,0,0,0,1,0,0,0,0,0,1
"360","Basic_education","Sports","Coach",1,2.6,69.3514376996805,1.75556998280511,52.5256006389776,2,0,2,52.8634812286689,1.88126279863481,64.1256655290102,2,0,0,0,0,0,0,0,0,0,0,0,0,0,0
"361","International_programs","Socio_economic","Docent",1.25,2.6,69.3514376996805,1.75556998280511,52.5256006389776,2,0,2,90,1.374,-26.08,7,0,0,0,0,0,0,0,0,0,0,0,1,0,0
"362","International_programs","Socio_economic","Senior lecturer",1,3,57,1.824561404,61.4,5,1,4,90,1.929,70.55,2,1,1,0,0,1,0,1,0,0,0,0,0,1,1
"363","International_programs","Socio_economic","Professor",1.25,4,107,1.581775701,18.69,4,0,4,37,1.648,60.71,2,0,0,0,0,0,0,0,0,0,0,0,0,0,0
"364","International_programs","Socio_economic","Docent",1.5,2,122,1.961272222,88.52,13,0,3,52.8634812286689,1.88126279863481,64.1256655290102,2,0,0,0,0,1,0,0,0,0,0,0,0,1,0
"365","International_programs","Socio_economic","Lecturer",1,2,158,1.700949367,28.66,6,0,3,51,1.908,22.74,5,1,0,0,0,0,0,0,0,0,0,0,0,0,0
"366","International_programs","Socio_economic","Docent",1,3,69.3514376996805,1.75556998280511,52.5256006389776,2,1,2.9,39,1.889,36.42,4,0,1,0,0,0,0,0,0,0,0,0,0,0,0
"367","International_programs","Socio_economic","Senior lecturer",1.25,2,96,1.815104167,59.38,7,0,3,32,1.886,47.18,3,0,0,1,0,0,1,0,0,0,0,1,0,1,0
"368","International_programs","Socio_economic","Senior lecturer",1,2,102,1.330882353,-22.55,4,0,2.9,22,1.621,-4.55,1,0,0,0,0,0,0,0,0,0,0,0,1,0,0
"369","International_programs","Socio_economic","Docent",0.5,2.6,69.3514376996805,1.75556998280511,52.5256006389776,2,0,2.9,52.8634812286689,1.88126279863481,64.1256655290102,2,0,0,0,0,0,0,0,0,0,0,0,0,0,0
"370","International_programs","Socio_economic","Docent",1.25,2,107,1.941176471,73.83,9,0,3,37,1.864,43.24,1,1,0,0,0,1,0,0,0,0,0,0,0,1,0
"371","International_programs","Socio_economic","Senior lecturer",1.25,2,44,1.653409091,15.91,3,0,3,61,1.858,54.55,4,1,0,0,0,0,0,0,0,0,0,0,0,0,0
"372","International_programs","Socio_economic","Senior lecturer",1.25,3,95,1.734210526,33.68,5,0,3,52,1.974,70.26,3,0,0,0,0,0,0,0,0,0,0,0,0,0,0
"373","International_programs","Socio_economic","Senior lecturer",1,2.6,69.3514376996805,1.75556998280511,52.5256006389776,2,0,3,31,1.828,12.66,4,0,0,0,0,0,0,0,0,0,0,0,0,0,0
"374","International_programs","Socio_economic","Senior lecturer",1.25,2,26,1.894230769,46.15,6,0,3,45,1.985,53.69,6,0,0,1,0,0,1,0,0,0,0,1,0,1,0
"375","International_programs","Socio_economic","Professor",1,3,5,1.3,-20,1,1,2.9,52.8634812286689,1.88126279863481,64.1256655290102,2,1,1,0,0,0,0,0,0,0,0,0,0,0,0
"376","International_programs","Socio_economic","Docent",1.25,3,142,1.915693431,60.56,8,1,4,6,2,87.5,4,1,1,0,0,1,0,1,0,0,0,0,0,1,1
"377","International_programs","Socio_economic","Docent",1,2,31,1.682427273,88.89,3,0,3,19,1.789,68.42,1,0,0,0,0,0,0,0,0,0,0,0,0,0,0
"378","International_programs","Socio_economic","Senior lecturer",0.5,2.6,102,1.651960784,27.45,4,0,2.9,29,1.954,49.27,2,0,0,0,0,0,0,0,0,0,0,0,0,0,0
"379","International_programs","Socio_economic","Senior lecturer",0.5,2.6,118,1.463983051,-4.24,4,0,2.9,13,2,59.52,2,0,0,0,0,0,0,0,0,0,0,0,0,0,0
"380","International_programs","Socio_economic","Senior lecturer",0.5,2.6,69.3514376996805,1.75556998280511,52.5256006389776,2,0,2.9,52.8634812286689,1.88126279863481,64.1256655290102,2,0,0,0,0,0,0,0,0,0,0,0,0,0,0
"381","International_programs","Socio_economic","Senior lecturer",1.25,2,69.3514376996805,1.75556998280511,52.5256006389776,2,0,3,52.8634812286689,1.88126279863481,64.1256655290102,2,0,0,0,0,0,0,0,0,0,0,0,0,0,0
"382","International_programs","Socio_economic","Docent",0.5,2.6,21,1.982142857,61.9,3,1,2.9,65,1.83,32.41,6,1,1,0,0,0,0,0,0,0,0,0,0,0,0
"383","International_programs","Socio_economic","Docent",0.25,2.6,69.3514376996805,1.75556998280511,52.5256006389776,2,0,2.9,22,1.363,-31.82,1,0,0,0,0,0,0,0,0,0,0,0,0,0,0
"384","International_programs","Socio_economic","Senior lecturer",0.25,2.6,18,1.527777778,-27.78,3,0,2.9,6,1.555,-83.33,1,0,0,0,0,0,0,0,0,0,0,0,0,0,0
"385","International_programs","Socio_economic","Docent",0.5,2,51,1.702717391,23.53,4,0,2,45,1.555,2.22,1,0,0,1,0,0,0,0,0,0,0,0,0,0,0
